NAME,DISTRICT_N,Debt,Per-Pupil Debt
Dallas ISD,57905,"$5,897,722,031.00","$48,868.00"
Lamar CISD,79901,"$5,834,636,522.00","$120,913.00"
Cypress-Fairbanks ISD,101907,"$4,764,461,549.00","$44,565.00"
Northside ISD (Bexar),15915,"$4,052,868,887.00","$48,066.00"
Katy ISD,101914,"$3,749,194,192.00","$39,523.00"
Northwest ISD,61911,"$3,727,882,154.00","$118,832.00"
Austin ISD,227901,"$3,687,889,911.00","$59,534.00"
Denton ISD,61901,"$3,526,114,238.00","$119,485.00"
Frisco ISD,43905,"$3,292,640,828.00","$54,872.00"
Prosper ISD,43912,"$3,272,349,782.00","$83,412.00"
Conroe ISD,170902,"$3,046,297,065.00","$44,278.00"
Fort Bend ISD,79907,"$2,709,811,538.00","$36,196.00"
Leander ISD,246913,"$2,661,959,899.00","$69,398.00"
Houston ISD,101912,"$2,573,202,694.00","$17,254.00"
Fort Worth ISD,220905,"$2,468,824,288.00","$42,478.00"
Crowley ISD,220912,"$2,179,184,761.00","$139,085.00"
San Antonio ISD,15907,"$2,145,921,769.00","$58,201.00"
Forney ISD,129902,"$2,060,309,621.00","$114,627.00"
Lewisville ISD,61902,"$2,022,913,789.00","$46,707.00"
Klein ISD,101915,"$1,997,027,424.00","$42,888.00"
Aldine ISD,101902,"$1,984,293,497.00","$43,505.00"
Humble ISD,101913,"$1,792,882,615.00","$41,754.00"
Garland ISD,57909,"$1,757,999,898.00","$40,203.00"
Midland ISD,165901,"$1,711,583,311.00","$61,561.00"
Arlington ISD,220901,"$1,695,774,358.00","$37,464.00"
Rockwall ISD,199901,"$1,651,312,959.00","$92,237.00"
Spring Branch ISD,101920,"$1,617,634,026.00","$54,648.00"
New Caney ISD,170908,"$1,611,334,927.00","$84,226.00"
Ysleta ISD,71905,"$1,583,163,056.00","$55,706.00"
North East ISD,15910,"$1,580,207,745.00","$33,586.00"
Richardson ISD,57916,"$1,554,598,921.00","$47,790.00"
Comal ISD,46902,"$1,501,153,756.00","$52,239.00"
Liberty Hill ISD,246908,"$1,486,309,359.00","$127,756.00"
Clear Creek ISD,84910,"$1,475,001,079.00","$41,478.00"
Mansfield ISD,220908,"$1,463,517,897.00","$44,955.00"
Corpus Christi ISD,178904,"$1,460,064,683.00","$53,610.00"
Georgetown ISD,246904,"$1,431,282,178.00","$106,518.00"
Judson ISD,15916,"$1,406,757,753.00","$76,255.00"
Hays CISD,105906,"$1,372,668,809.00","$57,257.00"
Pasadena ISD,101917,"$1,369,447,833.00","$35,062.00"
El Paso ISD,71902,"$1,359,117,292.00","$34,630.00"
Hurst-Euless-Bedford ISD,220916,"$1,354,648,450.00","$62,363.00"
Alvin ISD,20901,"$1,340,018,031.00","$45,480.00"
Tomball ISD,101921,"$1,288,234,934.00","$55,901.00"
Plano ISD,43910,"$1,248,067,189.00","$30,932.00"
Spring ISD,101919,"$1,220,529,174.00","$42,246.00"
Hutto ISD,246906,"$1,196,382,928.00","$111,968.00"
Wylie ISD (Collin),43914,"$1,182,735,495.00","$62,390.00"
Royse City ISD,199902,"$1,171,067,175.00","$105,123.00"
Waller ISD,237904,"$1,164,517,380.00","$118,647.00"
Pflugerville ISD,227904,"$1,123,590,761.00","$50,950.00"
Socorro ISD,71909,"$1,114,201,052.00","$27,326.00"
Keller ISD,220907,"$1,073,853,729.00","$37,270.00"
Little Elm ISD,61914,"$1,073,645,171.00","$149,574.00"
Carrollton-Farmers Branch ISD,57903,"$1,039,678,832.00","$49,044.00"
Waxahachie ISD,70912,"$1,028,566,675.00","$96,834.00"
Princeton ISD,43911,"$1,003,682,056.00","$95,671.00"
Mesquite ISD,57914,"$980,243,010.00","$28,825.00"
Medina Valley ISD,163908,"$970,063,989.00","$91,680.00"
Birdville ISD,220902,"$932,478,369.00","$48,635.00"
Del Valle ISD,227910,"$918,946,900.00","$90,465.00"
Lake Travis ISD,227913,"$887,072,288.00","$88,222.00"
Allen ISD,43901,"$874,164,376.00","$47,385.00"
Goose Creek CISD,101911,"$871,479,206.00","$41,535.00"
Round Rock ISD,246909,"$867,463,718.00","$32,732.00"
Lubbock-Cooper ISD,152906,"$846,069,410.00","$112,569.00"
Montgomery ISD,170903,"$826,614,745.00","$92,983.00"
Irving ISD,57912,"$818,126,858.00","$27,575.00"
Bastrop ISD,11901,"$813,244,713.00","$62,901.00"
New Braunfels ISD,46901,"$796,726,345.00","$89,229.00"
Manor ISD,227907,"$740,177,878.00","$78,004.00"
Boerne ISD,130901,"$727,682,649.00","$68,546.00"
Waco ISD,161914,"$720,525,809.00","$64,621.00"
Sherman ISD,91906,"$710,033,635.00","$99,472.00"
Frenship ISD,152907,"$678,329,278.00","$58,391.00"
Argyle ISD,61910,"$675,194,063.00","$102,395.00"
Dickinson ISD,84901,"$673,519,059.00","$56,310.00"
Celina ISD,43903,"$660,095,626.00","$99,248.00"
Southwest ISD,15912,"$655,333,763.00","$46,271.00"
Community ISD,43918,"$650,206,157.00","$105,075.00"
Sheldon ISD,101924,"$644,407,500.00","$62,998.00"
United ISD,240903,"$635,506,047.00","$17,096.00"
Melissa ISD,43908,"$632,308,097.00","$64,383.00"
Coppell ISD,57922,"$618,768,166.00","$49,609.00"
Aledo ISD,184907,"$608,932,579.00","$73,163.00"
Aubrey ISD,61907,"$607,270,587.00","$115,101.00"
McKinney ISD,43907,"$607,265,463.00","$28,962.00"
Cedar Hill ISD,57904,"$604,705,809.00","$133,519.00"
Ector County ISD,68901,"$596,523,918.00","$20,669.00"
Belton ISD,14903,"$585,286,404.00","$45,410.00"
Elgin ISD,11902,"$580,446,597.00","$101,423.00"
Tyler ISD,212905,"$579,122,030.00","$35,748.00"
Willis ISD,170904,"$573,115,816.00","$66,922.00"
Anna ISD,43902,"$567,413,494.00","$89,455.00"
Barbers Hill ISD,36902,"$562,092,566.00","$71,723.00"
College Station ISD,21901,"$557,061,275.00","$42,861.00"
Pecos-Barstow-Toyah ISD,195901,"$556,263,200.00","$205,947.00"
Duncanville ISD,57907,"$554,888,802.00","$54,782.00"
Cleveland ISD,146901,"$552,185,313.00","$45,855.00"
Killeen ISD,14906,"$550,874,838.00","$14,579.00"
Deer Park ISD,101908,"$549,627,516.00","$50,355.00"
Greenwood ISD,165902,"$540,390,062.00","$165,917.00"
Schertz-Cibolo-Universal City ISD,94902,"$537,163,544.00","$42,663.00"
Midlothian ISD,70908,"$527,707,894.00","$49,499.00"
Pearland ISD,20908,"$526,941,944.00","$27,481.00"
Dripping Springs ISD,105904,"$517,972,723.00","$63,821.00"
La Porte ISD,101916,"$516,423,480.00","$78,988.00"
White Settlement ISD,220920,"$512,433,774.00","$88,964.00"
Galveston ISD,84902,"$512,284,137.00","$93,041.00"
Alief ISD,101903,"$497,537,161.00","$15,025.00"
Jarrell ISD,246907,"$488,697,209.00","$105,573.00"
San Marcos CISD,105902,"$481,555,037.00","$65,536.00"
Galena Park ISD,101910,"$479,300,607.00","$25,375.00"
Longview ISD,92903,"$476,637,058.00","$74,208.00"
Texas City ISD,84906,"$468,274,992.00","$68,733.00"
Temple ISD,14909,"$464,451,916.00","$57,532.00"
Azle ISD,220915,"$456,583,750.00","$67,893.00"
Grand Prairie ISD,57910,"$444,380,232.00","$20,002.00"
Port Arthur ISD,123907,"$443,499,497.00","$64,192.00"
Magnolia ISD,170906,"$443,399,077.00","$30,721.00"
Lubbock ISD,152901,"$437,405,129.00","$23,120.00"
East Central ISD,15911,"$429,879,492.00","$39,778.00"
Gregory-Portland ISD,205902,"$425,540,294.00","$95,670.00"
Wichita Falls ISD,243905,"$419,724,789.00","$41,561.00"
Angleton ISD,20902,"$414,169,070.00","$61,186.00"
Highland Park ISD (Dallas),57911,"$409,501,319.00","$74,727.00"
Crandall ISD,129901,"$408,729,219.00","$57,869.00"
Godley ISD,126911,"$398,390,938.00","$126,634.00"
Brazosport ISD,20905,"$395,407,400.00","$43,337.00"
Wylie ISD (Taylor),221912,"$393,306,835.00","$74,097.00"
Burleson ISD,126902,"$377,580,731.00","$33,634.00"
Grapevine-Colleyville ISD,220906,"$363,451,213.00","$30,144.00"
Seguin ISD,94901,"$361,309,076.00","$55,424.00"
Weslaco ISD,108913,"$360,673,082.00","$24,840.00"
Carroll ISD,220919,"$353,654,696.00","$50,754.00"
Bryan ISD,21902,"$352,678,828.00","$24,879.00"
Channelview ISD,101905,"$343,819,365.00","$41,986.00"
Splendora ISD,170907,"$343,355,339.00","$61,732.00"
Harlandale ISD,15904,"$334,877,632.00","$35,599.00"
Navarro ISD,94903,"$328,546,279.00","$107,053.00"
Caddo Mills ISD,116901,"$327,892,857.00","$98,289.00"
Denison ISD,91903,"$314,915,816.00","$67,304.00"
Alvarado ISD,126901,"$311,089,653.00","$91,122.00"
Laredo ISD,240901,"$309,019,231.00","$18,034.00"
Crosby ISD,101906,"$308,279,152.00","$46,937.00"
Alamo Heights ISD,15901,"$303,108,369.00","$73,073.00"
Canutillo ISD,71907,"$297,037,913.00","$61,652.00"
Amarillo ISD,188901,"$295,156,616.00","$11,843.00"
Beaumont ISD,123910,"$292,643,146.00","$20,990.00"
Texarkana ISD,19907,"$291,717,275.00","$42,125.00"
Kaufman ISD,129903,"$286,803,545.00","$71,881.00"
Canyon ISD,191901,"$285,249,923.00","$25,756.00"
Van Alstyne ISD,91908,"$284,545,955.00","$108,605.00"
Pharr-San Juan-Alamo ISD,108909,"$282,965,921.00","$11,213.00"
Lake Dallas ISD,61912,"$277,738,894.00","$86,631.00"
Salado ISD,14908,"$276,674,245.00","$125,761.00"
Donna ISD,108902,"$271,007,006.00","$25,008.00"
Abilene ISD,221901,"$270,410,610.00","$23,804.00"
Bullard ISD,212902,"$263,299,468.00","$96,306.00"
Sanger ISD,61908,"$259,616,938.00","$98,639.00"
Lancaster ISD,57913,"$256,895,916.00","$45,525.00"
Friendswood ISD,84911,"$247,232,075.00","$42,472.00"
Cleburne ISD,126903,"$246,985,425.00","$43,862.00"
Red Oak ISD,70911,"$235,075,325.00","$37,793.00"
Krum ISD,61905,"$233,662,190.00","$84,538.00"
Port Neches-Groves ISD,123908,"$229,225,110.00","$44,141.00"
Ennis ISD,70903,"$227,867,000.00","$35,632.00"
Royal ISD,237905,"$227,853,948.00","$86,505.00"
Needville ISD,79906,"$225,414,419.00","$65,872.00"
La Joya ISD,108912,"$225,214,684.00","$12,383.00"
Midway ISD (McLennan),161903,"$211,151,453.00","$25,379.00"
Calallen ISD,178903,"$209,698,886.00","$66,592.00"
Taylor ISD,246911,"$206,317,248.00","$88,434.00"
Eanes ISD,227909,"$202,390,117.00","$28,466.00"
Brock ISD,184909,"$198,704,706.00","$88,787.00"
Sinton ISD,205906,"$196,630,272.00","$112,553.00"
Kilgore ISD,92902,"$195,657,783.00","$62,993.00"
Clint ISD,71901,"$191,815,189.00","$21,772.00"
Nederland ISD,123905,"$190,658,754.00","$35,737.00"
Carrizo Springs CISD,64903,"$189,663,288.00","$120,651.00"
Lockhart ISD,28902,"$186,515,612.00","$29,262.00"
DeSoto ISD,57906,"$181,820,738.00","$40,531.00"
Chapel Hill ISD (Smith),212909,"$181,695,522.00","$65,903.00"
Columbia-Brazoria ISD,20907,"$180,576,040.00","$68,791.00"
South San Antonio ISD,15908,"$179,572,217.00","$31,760.00"
Marion ISD,94904,"$178,810,574.00","$111,687.00"
Weatherford ISD,184903,"$178,505,350.00","$25,388.00"
Lovejoy ISD,43919,"$178,218,263.00","$54,418.00"
Bay City ISD,158901,"$177,568,853.00","$61,231.00"
Huffman ISD,101925,"$174,248,055.00","$55,055.00"
Highland Park ISD (Potter),188903,"$173,221,994.00","$268,561.00"
Palacios ISD,158905,"$170,774,178.00","$160,351.00"
Huntsville ISD,236902,"$170,566,050.00","$17,412.00"
Monahans-Wickett-Pyote ISD,238902,"$165,812,425.00","$82,004.00"
Marshall ISD,102902,"$157,151,352.00","$38,181.00"
Gunter ISD,91917,"$155,232,801.00","$151,152.00"
Stephenville ISD,72903,"$155,053,635.00","$47,374.00"
Sulphur Springs ISD,112901,"$153,453,471.00","$40,393.00"
Bridge City ISD,181901,"$147,225,274.00","$49,907.00"
Bonham ISD,74903,"$147,155,488.00","$80,106.00"
Edinburg CISD,108904,"$147,125,175.00","$5,246.00"
Everman ISD,220904,"$146,779,652.00","$36,750.00"
Bushland ISD,188904,"$146,626,375.00","$125,429.00"
Wimberley ISD,105905,"$145,268,458.00","$60,554.00"
Whitehouse ISD,212906,"$143,283,200.00","$36,119.00"
SANDS CISD,58909,"$143,160,075.00","$591,571.00"
London ISD,178906,"$142,678,396.00","$70,181.00"
Stafford MSD,79910,"$142,543,810.00","$55,421.00"
Nacogdoches ISD,174904,"$137,516,713.00","$28,111.00"
Fredericksburg ISD,86901,"$136,997,750.00","$53,431.00"
Academy ISD,14901,"$136,218,560.00","$82,757.00"
Dumas ISD,171901,"$135,862,559.00","$33,251.00"
Kermit ISD,248901,"$129,228,130.00","$116,004.00"
Victoria ISD,235902,"$128,852,075.00","$12,150.00"
Tuloso-Midway ISD,178912,"$128,650,813.00","$39,355.00"
Shallowater ISD,152909,"$128,324,613.00","$89,300.00"
Pine Tree ISD,92904,"$128,321,701.00","$34,936.00"
Goliad ISD,88902,"$127,670,675.00","$118,543.00"
Pleasant Grove ISD,19912,"$127,515,189.00","$62,784.00"
Kerrville ISD,133903,"$127,338,663.00","$33,309.00"
Harlingen CISD,31903,"$127,216,530.00","$9,045.00"
Aransas County ISD,4901,"$126,575,571.00","$52,282.00"
Commerce ISD,116903,"$125,311,231.00","$82,333.00"
Lufkin ISD,3903,"$123,508,589.00","$21,771.00"
Mount Vernon ISD,80901,"$121,811,194.00","$90,364.00"
Sunnyvale ISD,57919,"$119,673,011.00","$47,869.00"
Paradise ISD,249906,"$118,836,870.00","$97,969.00"
Joshua ISD,126905,"$117,907,129.00","$20,649.00"
Mission CISD,108908,"$114,480,691.00","$8,393.00"
Sweeny ISD,20906,"$113,443,117.00","$62,400.00"
China Spring ISD,161920,"$112,748,970.00","$38,547.00"
Los Fresnos CISD,31906,"$112,355,090.00","$12,313.00"
Lago Vista ISD,227912,"$112,250,400.00","$61,812.00"
Lake Worth ISD,220910,"$110,385,730.00","$43,769.00"
Southside ISD,15917,"$110,211,852.00","$18,728.00"
San Benito CISD,31912,"$109,326,757.00","$15,061.00"
Bellville ISD,8901,"$108,037,492.00","$50,250.00"
Johnson City ISD,16901,"$107,840,614.00","$180,638.00"
Gonzales ISD,89901,"$107,792,446.00","$50,441.00"
Pottsboro ISD,91913,"$106,835,022.00","$87,284.00"
Mount Pleasant ISD,225902,"$105,134,736.00","$23,168.00"
Balmorhea ISD,195902,"$105,084,285.00","$633,038.00"
Santa Fe ISD,84909,"$104,136,535.00","$26,661.00"
Sabine Pass ISD,123913,"$103,789,938.00","$333,730.00"
Canton ISD,234902,"$103,311,834.00","$46,747.00"
Malakoff ISD,107906,"$102,078,953.00","$79,315.00"
Ponder ISD,61906,"$101,743,863.00","$60,346.00"
Alice ISD,125901,"$101,698,824.00","$26,553.00"
Corsicana ISD,175903,"$101,316,942.00","$18,773.00"
Plainview ISD,95905,"$101,177,500.00","$32,882.00"
Granbury ISD,111901,"$98,972,410.00","$13,944.00"
Anahuac ISD,36901,"$98,722,992.00","$65,207.00"
Brownwood ISD,25902,"$98,319,613.00","$36,081.00"
Sharyland ISD,108911,"$98,140,068.00","$11,157.00"
Hitchcock ISD,84908,"$96,649,148.00","$55,673.00"
West Orange-Cove CISD,181906,"$95,745,931.00","$48,454.00"
Reagan County ISD,192901,"$95,557,450.00","$127,410.00"
Rankin ISD,231902,"$94,831,226.00","$361,951.00"
Trenton ISD,74912,"$94,733,076.00","$141,816.00"
Borger ISD,117901,"$94,182,257.00","$50,964.00"
Thrall ISD,246912,"$94,095,042.00","$100,208.00"
Kennedale ISD,220914,"$93,862,866.00","$38,996.00"
Buena Vista ISD,186901,"$92,939,125.00","$411,235.00"
Dayton ISD,146902,"$92,936,388.00","$18,287.00"
Poteet ISD,7906,"$92,553,883.00","$61,703.00"
Jacksboro ISD,119902,"$91,919,694.00","$89,503.00"
Farmersville ISD,43904,"$91,167,475.00","$37,829.00"
Cotulla ISD,142901,"$90,649,375.00","$90,198.00"
Marble Falls ISD,27904,"$90,008,894.00","$25,462.00"
Hallsville ISD,102904,"$89,933,930.00","$3,242.00"
Greenville ISD,116905,"$89,502,090.00","$19,157.00"
Lumberton ISD,100907,"$89,287,681.00","$23,509.00"
Lindale ISD,212903,"$88,595,653.00","$19,727.00"
Woodville ISD,229903,"$88,239,795.00","$90,410.00"
Terrell ISD,129906,"$87,927,793.00","$18,133.00"
Fort Stockton ISD,186902,"$87,322,180.00","$8,867.00"
Navasota ISD,93904,"$87,118,680.00","$29,979.00"
Wharton ISD,241904,"$86,964,243.00","$59,524.00"
Florence ISD,246902,"$86,768,055.00","$83,032.00"
Van Vleck ISD,158906,"$86,718,327.00","$105,625.00"
Beeville ISD,13901,"$86,541,327.00","$33,247.00"
McCamey ISD,231901,"$86,187,775.00","$207,182.00"
Jacksonville ISD,37904,"$86,113,935.00","$20,064.00"
McAllen ISD,108906,"$84,211,555.00","$4,952.00"
San Angelo ISD,226903,"$83,272,301.00","$7,796.00"
Jim Ned CISD,221911,"$83,208,482.00","$56,875.00"
Yoakum ISD,62903,"$83,183,825.00","$64,235.00"
Andrews ISD,2901,"$82,742,791.00","$20,471.00"
Denver City ISD,251901,"$81,938,444.00","$67,218.00"
Brownsville ISD,31901,"$78,943,385.00","$2,777.00"
Banquete ISD,178913,"$78,927,677.00","$123,517.00"
Chisum ISD,139905,"$75,591,600.00","$69,927.00"
Little Cypress-Mauriceville CISD,181908,"$75,410,252.00","$27,592.00"
Eagle Pass ISD,159901,"$75,365,071.00","$6,149.00"
CROCKETT COUNTY CONSOLIDATED CSD,53001,"$74,505,524.00","$157,851.00"
Sweetwater ISD,177902,"$74,276,525.00","$57,803.00"
Holliday ISD,5902,"$74,089,781.00","$69,699.00"
Hamshire-Fannett ISD,123914,"$73,179,481.00","$39,989.00"
North Lamar ISD,139911,"$73,049,306.00","$36,506.00"
Granger ISD,246905,"$72,720,325.00","$124,521.00"
Littlefield ISD,140904,"$72,173,119.00","$68,671.00"
La Vernia ISD,247903,"$71,793,188.00","$23,040.00"
Roma ISD,214903,"$71,645,944.00","$13,898.00"
Wink-Loving ISD,248902,"$71,083,209.00","$172,114.00"
Ingleside ISD,205903,"$70,988,163.00","$40,357.00"
Lone Oak ISD,116906,"$70,770,604.00","$57,961.00"
Maypearl ISD,70915,"$70,554,510.00","$64,610.00"
Rockdale ISD,166904,"$69,303,063.00","$49,822.00"
Bells ISD,91901,"$68,908,585.00","$68,091.00"
New Deal ISD,152902,"$68,507,316.00","$97,036.00"
Athens ISD,107901,"$68,286,322.00","$28,217.00"
Orangefield ISD,181905,"$67,860,241.00","$42,572.00"
Leonard ISD,74909,"$67,706,075.00","$88,737.00"
Burnet CISD,27903,"$67,284,679.00","$22,609.00"
Center ISD,210901,"$67,132,772.00","$35,111.00"
Burton ISD,239903,"$66,728,291.00","$104,100.00"
Odem-Edroy ISD,205905,"$66,073,063.00","$75,772.00"
Kingsville ISD,137901,"$66,017,322.00","$32,314.00"
Decatur ISD,249905,"$65,977,241.00","$19,052.00"
Llano ISD,150901,"$65,602,130.00","$40,173.00"
Blanco ISD,16902,"$65,510,122.00","$61,744.00"
Palestine ISD,1907,"$65,299,237.00","$23,642.00"
Pilot Point ISD,61903,"$64,888,375.00","$42,662.00"
Eustace ISD,107905,"$64,665,113.00","$43,399.00"
Woodsboro ISD,196902,"$64,550,088.00","$198,006.00"
Perryton ISD,179901,"$62,498,742.00","$43,162.00"
San Felipe-Del Rio CISD,233901,"$61,443,688.00","$7,648.00"
Sealy ISD,8902,"$61,407,475.00","$20,394.00"
Peaster ISD,184908,"$61,375,306.00","$42,563.00"
Somerset ISD,15909,"$60,997,666.00","$16,193.00"
Hardin-Jefferson ISD,100905,"$60,803,986.00","$22,833.00"
Flour Bluff ISD,178914,"$60,596,947.00","$12,023.00"
Crane ISD,52901,"$60,027,260.00","$52,563.00"
Robstown ISD,178909,"$59,703,281.00","$26,966.00"
Livingston ISD,187907,"$59,572,940.00","$16,425.00"
Paris ISD,139909,"$59,439,501.00","$16,992.00"
Point Isabel ISD,31909,"$59,417,900.00","$42,230.00"
Dalhart ISD,56901,"$59,085,838.00","$34,695.00"
Centerville ISD (Leon),145902,"$57,772,310.00","$111,745.00"
Vernon ISD,244903,"$57,359,963.00","$37,368.00"
Edgewood ISD (Van Zandt),234903,"$57,159,448.00","$57,679.00"
Floresville ISD,247901,"$56,499,919.00","$15,111.00"
Comfort ISD,130902,"$56,112,588.00","$60,078.00"
Comanche ISD,47901,"$55,776,591.00","$45,644.00"
Normangee ISD,145906,"$55,748,840.00","$97,463.00"
Springtown ISD,184902,"$55,353,238.00","$14,628.00"
Pleasanton ISD,7905,"$54,816,075.00","$19,825.00"
Gilmer ISD,230902,"$54,362,888.00","$19,015.00"
Brownfield ISD,223901,"$53,742,350.00","$34,517.00"
Mineral Wells ISD,182903,"$52,797,996.00","$18,088.00"
Ingram ISD,133904,"$52,510,214.00","$35,697.00"
Port Aransas ISD,178908,"$52,000,063.00","$122,642.00"
Brownsboro ISD,107902,"$51,913,361.00","$22,829.00"
Cuero ISD,62901,"$51,681,000.00","$33,086.00"
Edgewood ISD (Bexar),15905,"$51,615,514.00","$9,207.00"
Big Spring ISD,114901,"$51,492,155.00","$18,195.00"
Westwood ISD,1908,"$51,380,375.00","$44,485.00"
Jourdanton ISD,7902,"$51,312,349.00","$36,034.00"
Smithville ISD,11904,"$50,740,050.00","$33,714.00"
Quinlan ISD,116908,"$50,601,000.00","$17,317.00"
Winona ISD,212910,"$50,182,534.00","$43,112.00"
Mineola ISD,250903,"$49,913,661.00","$30,343.00"
Tioga ISD,91907,"$49,224,726.00","$84,145.00"
Blue Ridge ISD,43917,"$48,696,188.00","$49,945.00"
Marlin ISD,73903,"$47,953,988.00","$64,454.00"
Coupland ISD,246914,"$47,570,600.00","$158,042.00"
San Augustine ISD,203901,"$47,487,185.00","$111,735.00"
Castleberry ISD,220917,"$47,165,602.00","$14,598.00"
Slidell ISD,249908,"$47,022,173.00","$74,285.00"
Crystal City ISD,254901,"$46,369,074.00","$37,006.00"
Liberty ISD,146906,"$45,475,222.00","$19,261.00"
Hillsboro ISD,109904,"$45,316,464.00","$26,547.00"
Caldwell ISD,26901,"$45,308,600.00","$25,905.00"
Levelland ISD,110902,"$45,177,025.00","$21,575.00"
Newton ISD,176902,"$44,858,750.00","$57,218.00"
Mercedes ISD,108907,"$44,475,729.00","$13,324.00"
Van ISD,234906,"$44,301,781.00","$22,063.00"
Mabank ISD,129905,"$44,298,050.00","$10,946.00"
Glen Rose ISD,213901,"$43,828,250.00","$20,095.00"
Mart ISD,161908,"$43,778,658.00","$79,309.00"
La Grange ISD,75902,"$43,645,158.00","$22,935.00"
Burkburnett ISD,243901,"$43,507,685.00","$14,659.00"
Tidehaven ISD,158902,"$43,400,309.00","$46,567.00"
Evadale ISD,121906,"$43,060,411.00","$115,135.00"
Nixon-Smiley CISD,89903,"$43,001,582.00","$53,819.00"
Winnsboro ISD,250907,"$42,956,128.00","$34,924.00"
Bartlett ISD,14902,"$42,533,364.00","$125,838.00"
Mildred ISD,175910,"$42,346,967.00","$53,468.00"
Haskell CISD,104901,"$42,021,579.00","$92,559.00"
Whitney ISD,109911,"$41,797,413.00","$35,302.00"
Eula ISD,30906,"$41,616,793.00","$95,671.00"
Luling ISD,28903,"$41,518,777.00","$31,477.00"
New Waverly ISD,236901,"$40,427,400.00","$40,427.00"
Post ISD,85902,"$39,793,150.00","$81,711.00"
Brenham ISD,239901,"$39,689,432.00","$9,477.00"
Carthage ISD,183902,"$39,480,952.00","$17,657.00"
Hallettsville ISD,143901,"$39,467,712.00","$38,244.00"
Bosqueville ISD,161923,"$39,418,018.00","$58,053.00"
Spring Hill ISD,92907,"$39,309,996.00","$24,723.00"
San Diego ISD,66902,"$39,061,766.00","$30,327.00"
Collinsville ISD,91902,"$39,048,693.00","$60,918.00"
Cameron ISD,166901,"$38,998,210.00","$31,783.00"
Dimmitt ISD,35901,"$38,992,758.00","$42,849.00"
FLOYDADA COLLEGIATE ISD,77901,"$38,901,725.00","$61,651.00"
La Vega ISD,161906,"$38,794,391.00","$14,299.00"
Pettus ISD,13903,"$38,397,493.00","$132,405.00"
Venus ISD,126908,"$38,328,700.00","$18,579.00"
Schulenburg ISD,75903,"$38,291,500.00","$68,013.00"
Troy ISD,14910,"$38,116,375.00","$23,587.00"
Hondo ISD,163904,"$37,871,527.00","$24,386.00"
Prairiland ISD,139912,"$37,589,578.00","$34,741.00"
Valley View ISD (Hidalgo),108916,"$37,463,694.00","$14,437.00"
Henderson ISD,201902,"$37,093,219.00","$13,836.00"
Karnes City ISD,128901,"$37,060,697.00","$37,817.00"
Pampa ISD,90904,"$36,873,891.00","$14,791.00"
Taft ISD,205907,"$36,672,266.00","$50,305.00"
S and S CISD,91914,"$36,492,418.00","$41,897.00"
Bishop CISD,178902,"$36,154,535.00","$31,770.00"
Rio Hondo ISD,31911,"$35,992,715.00","$34,052.00"
West Oso ISD,178915,"$35,752,363.00","$24,011.00"
Dawson ISD (Navarro),175904,"$35,705,471.00","$315,978.00"
Seminole ISD,83903,"$35,457,541.00","$13,305.00"
Christoval ISD,226901,"$35,319,598.00","$56,602.00"
Gladewater ISD,92901,"$35,301,443.00","$25,452.00"
George West ISD,149901,"$34,992,400.00","$39,450.00"
San Elizario ISD,71904,"$34,747,679.00","$13,938.00"
Three Rivers ISD,149902,"$34,060,177.00","$67,580.00"
Colorado ISD,168901,"$34,011,478.00","$46,719.00"
Nocona ISD,169902,"$33,725,635.00","$57,065.00"
THROCKMORTON COLLEGIATE ISD,224901,"$33,715,113.00","$426,774.00"
Progreso ISD,108910,"$33,699,650.00","$32,003.00"
Gruver ISD,98901,"$33,171,764.00","$84,622.00"
Iowa Park CISD,243903,"$33,158,465.00","$17,415.00"
New Boston ISD,19905,"$32,989,777.00","$34,472.00"
Rice CISD,45903,"$32,854,537.00","$26,668.00"
Lyford CISD,245902,"$32,532,225.00","$26,666.00"
Chico ISD,249904,"$32,505,384.00","$61,331.00"
New Home ISD,153905,"$32,334,931.00","$41,830.00"
Baird ISD,30903,"$31,955,258.00","$96,834.00"
Lorena ISD,161907,"$31,932,102.00","$16,877.00"
Devine ISD,163901,"$31,927,141.00","$18,234.00"
Rice ISD,175911,"$31,885,232.00","$28,242.00"
Hempstead ISD,237902,"$31,873,882.00","$23,698.00"
Ganado ISD,120902,"$31,779,050.00","$52,441.00"
Franklin ISD,198903,"$31,694,738.00","$24,250.00"
Moody ISD,161910,"$31,153,850.00","$44,379.00"
McGregor ISD,161909,"$30,847,520.00","$19,761.00"
Jasper ISD,121904,"$30,763,050.00","$16,810.00"
Liberty-Eylau ISD,19908,"$30,551,700.00","$18,483.00"
Hidalgo ISD,108905,"$30,512,566.00","$11,532.00"
Lamesa ISD,58906,"$29,926,750.00","$25,149.00"
East Bernard ISD,241902,"$29,922,275.00","$29,597.00"
Giddings ISD,144901,"$29,672,800.00","$18,768.00"
Muleshoe ISD,9901,"$29,660,344.00","$26,041.00"
Rio Vista ISD,126907,"$29,638,641.00","$30,906.00"
Dilley ISD,82902,"$29,636,997.00","$44,103.00"
Refugio ISD,196903,"$29,631,350.00","$42,513.00"
Pewitt CISD,172905,"$29,489,725.00","$37,235.00"
Ferris ISD,70905,"$29,234,613.00","$9,661.00"
Skidmore-Tynan ISD,13905,"$29,014,312.00","$35,513.00"
Riesel ISD,161912,"$28,745,019.00","$51,793.00"
Brooks County ISD,24901,"$28,726,996.00","$32,314.00"
West ISD,161916,"$28,666,776.00","$25,641.00"
Silsbee ISD,100904,"$28,647,619.00","$13,648.00"
Freer ISD,66903,"$28,633,351.00","$47,094.00"
Hawkins ISD,250902,"$28,482,081.00","$37,280.00"
Broaddus ISD,203902,"$28,414,065.00","$89,352.00"
Mathis ISD,205904,"$27,944,271.00","$23,133.00"
Lindsay ISD,49907,"$27,905,196.00","$63,565.00"
Howe ISD,91905,"$27,858,100.00","$23,892.00"
Webb CISD,240904,"$27,811,381.00","$104,554.00"
Water Valley ISD,226905,"$27,659,553.00","$113,825.00"
Alpine ISD,22901,"$27,513,350.00","$38,534.00"
Lytle ISD,7904,"$27,382,580.00","$16,426.00"
Calhoun County ISD,29901,"$27,370,500.00","$8,604.00"
Danbury ISD,20904,"$26,902,983.00","$60,186.00"
GOLDTHWAITE ISD,167901,"$26,896,600.00","$56,864.00"
Bovina ISD,185901,"$26,854,385.00","$64,866.00"
East Chambers ISD,36903,"$26,806,811.00","$18,772.00"
Whitewright ISD,91910,"$26,762,525.00","$40,244.00"
Anderson-Shiro CISD,93901,"$26,556,749.00","$27,808.00"
Flatonia ISD,75901,"$26,382,830.00","$40,652.00"
Newcastle ISD,252902,"$26,291,415.00","$131,457.00"
Corrigan-Camden ISD,187904,"$26,147,225.00","$33,608.00"
Fabens ISD,71903,"$25,856,531.00","$16,543.00"
Veribest ISD,226908,"$25,600,305.00","$132,644.00"
Diboll ISD,3905,"$25,283,306.00","$18,953.00"
Lipan ISD,111902,"$25,279,885.00","$69,834.00"
El Campo ISD,241903,"$24,972,619.00","$8,509.00"
Lampasas ISD,141901,"$24,825,703.00","$7,282.00"
Clarksville ISD,194904,"$24,620,300.00","$53,291.00"
Wellman-Union CISD,223904,"$24,510,059.00","$111,409.00"
Santo ISD,182904,"$24,415,656.00","$50,135.00"
Edcouch-Elsa ISD,108903,"$24,313,981.00","$6,302.00"
Hooks ISD,19902,"$24,265,981.00","$33,424.00"
Kenedy ISD,128902,"$24,140,652.00","$32,317.00"
Robinson ISD,161922,"$23,974,567.00","$10,741.00"
Clifton ISD,18901,"$23,831,381.00","$25,819.00"
Columbus ISD,45902,"$23,701,112.00","$15,451.00"
Benjamin ISD,138904,"$23,445,150.00","$360,695.00"
Kirbyville CISD,121905,"$23,437,943.00","$19,913.00"
Chilton ISD,73901,"$23,236,392.00","$46,288.00"
Gainesville ISD,49901,"$23,193,488.00","$8,248.00"
Warren ISD,229904,"$23,158,990.00","$24,690.00"
Bowie ISD,169901,"$22,795,167.00","$18,639.00"
Beckville ISD,183901,"$22,011,250.00","$32,755.00"
Hardin ISD,146904,"$21,826,255.00","$24,278.00"
Canadian ISD,106901,"$21,666,846.00","$32,829.00"
Sabine ISD,92906,"$21,628,906.00","$15,146.00"
Trinity ISD,228903,"$21,618,669.00","$18,914.00"
La Feria ISD,31905,"$21,527,447.00","$8,790.00"
Madisonville CISD,154901,"$21,517,875.00","$10,013.00"
Premont ISD,125905,"$21,447,922.00","$29,789.00"
Shepherd ISD,204904,"$21,331,924.00","$12,402.00"
Gatesville ISD,50902,"$21,034,177.00","$8,721.00"
Coahoma ISD,114902,"$20,663,125.00","$21,479.00"
Kerens ISD,175907,"$20,640,740.00","$28,470.00"
Clyde CISD,30902,"$20,622,813.00","$16,932.00"
Petersburg ISD,95904,"$20,597,743.00","$89,946.00"
Wall ISD,226906,"$20,406,850.00","$15,710.00"
Eden CISD,48901,"$20,402,450.00","$92,319.00"
Palmer ISD,70910,"$20,278,525.00","$15,551.00"
San Perlita ISD,245904,"$19,993,352.00","$118,304.00"
Rosebud-Lott ISD,73905,"$19,885,690.00","$32,282.00"
White Oak ISD,92908,"$19,856,480.00","$16,196.00"
Boyd ISD,249902,"$19,632,975.00","$15,459.00"
Santa Rosa ISD,31914,"$19,577,450.00","$25,491.00"
Valley Mills ISD,18904,"$19,485,266.00","$29,794.00"
Abbott ISD,109901,"$19,485,245.00","$82,916.00"
Arp ISD,212901,"$19,455,267.00","$20,741.00"
Big Sandy ISD (Polk),187901,"$19,417,043.00","$42,488.00"
Buna ISD,121903,"$19,294,679.00","$15,387.00"
Falls City ISD,128904,"$19,027,100.00","$43,145.00"
Coldspring-Oakhurst CISD,204901,"$18,838,500.00","$12,992.00"
Zapata County ISD,253901,"$18,782,369.00","$6,166.00"
Snook ISD,26903,"$18,713,027.00","$32,153.00"
Abernathy ISD,95901,"$18,477,147.00","$24,768.00"
Hereford ISD,59901,"$18,461,113.00","$5,362.00"
Friona ISD,185903,"$18,407,326.00","$22,923.00"
Mount Enterprise ISD,201907,"$18,289,244.00","$40,196.00"
Early ISD,25909,"$18,269,025.00","$20,412.00"
Como-Pickton CISD,112908,"$18,256,037.00","$25,285.00"
Aransas Pass ISD,205901,"$18,107,528.00","$12,260.00"
SUNRAY COLLEGIATE ISD,171902,"$18,097,424.00","$37,314.00"
Grandview ISD,126904,"$17,916,875.00","$13,431.00"
Covington ISD,109903,"$17,862,302.00","$54,625.00"
Millsap ISD,184904,"$17,697,050.00","$18,988.00"
Archer City ISD,5901,"$17,613,600.00","$33,938.00"
Miami ISD,197902,"$17,602,856.00","$115,051.00"
Crawford ISD,161901,"$17,576,350.00","$30,356.00"
Garrison ISD,174903,"$17,552,464.00","$24,311.00"
Bland ISD,116915,"$17,490,418.00","$23,992.00"
Santa Maria ISD,31913,"$17,452,131.00","$42,463.00"
Weimar ISD,45905,"$17,262,638.00","$26,275.00"
Tornillo ISD,71908,"$17,232,362.00","$32,699.00"
Harrold ISD,244901,"$17,034,919.00","$86,913.00"
Italy ISD,70907,"$16,976,994.00","$32,838.00"
Aquilla ISD,109912,"$16,889,945.00","$58,241.00"
Kemp ISD,129904,"$16,565,424.00","$7,543.00"
Raymondville ISD,245903,"$16,488,893.00","$10,993.00"
Jim Hogg County ISD,124901,"$16,338,328.00","$24,098.00"
Moulton ISD,143902,"$16,184,550.00","$71,298.00"
Vega ISD,180902,"$16,070,740.00","$58,227.00"
Waskom ISD,102903,"$16,062,575.00","$24,191.00"
Callisburg ISD,49905,"$15,978,368.00","$14,836.00"
Harmony ISD,230905,"$15,966,023.00","$19,471.00"
Rotan ISD,76904,"$15,825,900.00","$48,103.00"
Rogers ISD,14907,"$15,823,386.00","$19,730.00"
Gordon ISD,182901,"$15,769,459.00","$78,067.00"
Rocksprings ISD,69901,"$15,675,750.00","$113,592.00"
Tulia ISD,219903,"$15,505,600.00","$21,566.00"
Poth ISD,247904,"$15,405,510.00","$16,892.00"
Pittsburg ISD,32902,"$15,388,088.00","$7,961.00"
Industrial ISD,120905,"$15,232,750.00","$14,689.00"
Brady ISD,160901,"$15,020,250.00","$16,839.00"
Austwell-Tivoli ISD,196901,"$14,961,175.00","$122,633.00"
City View ISD,243906,"$14,906,350.00","$13,157.00"
Mount Calm ISD,109910,"$14,369,367.00","$114,955.00"
Tahoka ISD,153904,"$14,258,398.00","$28,574.00"
Elkhart ISD,1903,"$14,257,564.00","$13,605.00"
Forsan ISD,114904,"$14,225,700.00","$21,620.00"
Graham ISD,252901,"$14,088,973.00","$8,102.00"
Muenster ISD,49902,"$14,040,631.00","$29,622.00"
Union Grove ISD,230908,"$13,989,025.00","$22,100.00"
Frankston ISD,1904,"$13,942,725.00","$18,322.00"
Douglass ISD,174911,"$13,838,721.00","$38,764.00"
Brazos ISD,8903,"$13,791,582.00","$16,187.00"
Mexia ISD,147903,"$13,758,475.00","$8,648.00"
Somerville ISD,26902,"$13,699,283.00","$30,647.00"
Natalia ISD,163903,"$13,655,299.00","$10,353.00"
Valley View ISD (Cooke),49903,"$13,514,691.00","$17,086.00"
Grape Creek ISD,226907,"$13,415,269.00","$11,737.00"
Pearsall ISD,82903,"$13,360,500.00","$7,929.00"
Electra ISD,243902,"$13,293,753.00","$35,169.00"
Stockdale ISD,247906,"$13,208,269.00","$17,334.00"
Central Heights ISD,174908,"$13,163,450.00","$14,185.00"
Robert Lee ISD,41902,"$13,161,747.00","$63,892.00"
Groom ISD,33901,"$12,945,900.00","$165,973.00"
Tom Bean ISD,91918,"$12,715,255.00","$20,542.00"
Maud ISD,19903,"$12,604,486.00","$35,110.00"
Wildorado ISD,180904,"$12,567,709.00","$77,578.00"
Edna ISD,120901,"$12,565,669.00","$9,879.00"
O'Donnell ISD,153903,"$12,493,591.00","$62,157.00"
Slaton ISD,152903,"$12,390,544.00","$11,004.00"
Bryson ISD,119901,"$12,299,350.00","$54,908.00"
Huntington ISD,3904,"$12,256,975.00","$9,026.00"
Idalou ISD,152910,"$12,106,900.00","$13,758.00"
Monte Alto ISD,108915,"$12,033,863.00","$20,571.00"
Calvert ISD,198902,"$11,978,900.00","$62,717.00"
Keene ISD,126906,"$11,732,474.00","$11,491.00"
Tolar ISD,111903,"$11,642,362.00","$13,230.00"
Quitman ISD,250904,"$11,640,575.00","$10,778.00"
Ropes ISD,110905,"$11,573,022.00","$20,520.00"
Alto ISD,37901,"$11,571,678.00","$30,776.00"
Bandera ISD,10902,"$11,554,225.00","$5,806.00"
Grandfalls-Royalty ISD,238904,"$11,358,075.00","$75,219.00"
Tatum ISD,201910,"$11,293,675.00","$10,267.00"
Onalaska ISD,187910,"$11,240,025.00","$10,190.00"
IRAAN-SHEFFIELD COLLEGIATE ISD,186903,"$10,973,981.00","$37,074.00"
Itasca ISD,109907,"$10,947,613.00","$16,842.00"
Eastland ISD,67903,"$10,931,856.00","$11,224.00"
Coolidge ISD,147901,"$10,863,446.00","$39,218.00"
Huckabay ISD,72908,"$10,858,908.00","$34,473.00"
Grapeland ISD,113902,"$10,818,679.00","$21,856.00"
Orange Grove ISD,125903,"$10,779,009.00","$7,839.00"
Chillicothe ISD,99902,"$10,753,250.00","$59,740.00"
Leon ISD,145911,"$10,710,288.00","$15,938.00"
Joaquin ISD,210902,"$10,610,425.00","$15,884.00"
Atlanta ISD,34901,"$10,589,023.00","$5,902.00"
High Island ISD,84903,"$10,577,054.00","$70,047.00"
Sierra Blanca ISD,115902,"$10,554,800.00","$167,537.00"
Roby CISD,76903,"$10,472,000.00","$43,273.00"
West Sabine ISD,202905,"$10,287,664.00","$21,300.00"
La Villa ISD,108914,"$10,242,000.00","$26,812.00"
Central ISD,3907,"$10,162,425.00","$6,876.00"
Woden ISD,174906,"$10,103,050.00","$12,597.00"
Deweyville ISD,176903,"$10,016,650.00","$24,611.00"
Lexington ISD,144902,"$10,014,848.00","$11,741.00"
Shiner ISD,143903,"$9,961,497.00","$15,737.00"
Vidor ISD,181907,"$9,874,875.00","$2,529.00"
Waelder ISD,89905,"$9,858,262.00","$37,342.00"
Carlisle ISD,201913,"$9,834,896.00","$19,134.00"
Kountze ISD,100903,"$9,821,899.00","$10,178.00"
Ira ISD,208903,"$9,802,950.00","$51,057.00"
White Deer ISD,33904,"$9,780,272.00","$43,858.00"
Merkel ISD,221904,"$9,754,834.00","$9,784.00"
Chester ISD,229906,"$9,709,125.00","$84,427.00"
Plemons-Stinnett-Phillips CISD,117904,"$9,573,750.00","$19,904.00"
Rains ISD,190903,"$9,552,975.00","$7,113.00"
Richards ISD,93905,"$9,441,292.00","$42,338.00"
Lingleville ISD,72909,"$9,417,551.00","$45,277.00"
Lovelady ISD,113903,"$9,368,000.00","$20,911.00"
Hearne ISD,198905,"$9,351,873.00","$14,522.00"
Ore City ISD,230903,"$9,336,898.00","$13,169.00"
New Summerfield ISD,37908,"$9,323,387.00","$21,835.00"
Scurry-Rosser ISD,129910,"$9,300,113.00","$9,790.00"
McDade ISD,11905,"$9,287,963.00","$27,643.00"
Snyder ISD,208902,"$9,278,425.00","$5,002.00"
New Diana ISD,230906,"$9,156,365.00","$8,541.00"
Hudson ISD,3902,"$9,148,281.00","$3,780.00"
Burkeville ISD,176901,"$9,079,476.00","$32,897.00"
Iola ISD,93903,"$9,034,400.00","$14,572.00"
Bloomington ISD,235901,"$9,013,664.00","$12,749.00"
Sabinal ISD,232902,"$9,006,713.00","$17,287.00"
Timpson ISD,210905,"$9,004,400.00","$11,974.00"
Miles ISD,200902,"$8,973,488.00","$20,917.00"
Bridgeport ISD,249903,"$8,932,453.00","$4,270.00"
Holland ISD,14905,"$8,912,700.00","$14,469.00"
Farwell ISD,185902,"$8,876,191.00","$15,993.00"
Cushing ISD,174902,"$8,810,225.00","$18,947.00"
Crosbyton ISD,54901,"$8,761,981.00","$26,312.00"
Fayetteville ISD,75906,"$8,649,023.00","$34,322.00"
CULBERSON COUNTY-ALLAMOORE ISD,55901,"$8,636,250.00","$18,297.00"
Stamford ISD,127906,"$8,636,060.00","$18,105.00"
Munday CISD,138903,"$8,629,700.00","$25,014.00"
Cooper ISD,60902,"$8,614,055.00","$10,959.00"
Plains ISD,251902,"$8,599,600.00","$23,242.00"
Panhandle ISD,33902,"$8,590,400.00","$20,901.00"
Driscoll ISD,178905,"$8,567,567.00","$19,741.00"
Spearman ISD,98904,"$8,564,855.00","$15,432.00"
North Zulch ISD,154903,"$8,515,933.00","$25,195.00"
Sanford-Fritch ISD,117903,"$8,431,181.00","$11,287.00"
Charlotte ISD,7901,"$8,317,100.00","$18,524.00"
Honey Grove ISD,74907,"$8,298,525.00","$14,432.00"
Hubbard ISD (Hill),109905,"$8,091,798.00","$23,119.00"
Saint Jo ISD,169911,"$7,978,291.00","$31,165.00"
Overton ISD,201908,"$7,961,320.00","$17,307.00"
Paint Creek ISD,104907,"$7,706,460.00","$79,448.00"
Big Sandy ISD (Upshur),230901,"$7,672,034.00","$12,787.00"
Connally ISD,161921,"$7,590,350.00","$3,632.00"
Buffalo ISD,145901,"$7,587,925.00","$9,164.00"
Wilson ISD,153907,"$7,366,185.00","$51,512.00"
Roosevelt ISD,152908,"$7,364,900.00","$8,266.00"
McMullen County ISD,162904,"$7,307,732.00","$30,834.00"
Wolfe City ISD,116909,"$7,301,948.00","$11,535.00"
Milano ISD,166903,"$7,288,973.00","$19,753.00"
Sudan ISD,140908,"$7,260,225.00","$18,474.00"
Gary ISD,183904,"$7,191,767.00","$19,490.00"
Kelton ISD,242905,"$7,189,000.00","$79,000.00"
Fairfield ISD,81902,"$7,173,949.00","$5,248.00"
River Road ISD,188902,"$7,167,725.00","$8,827.00"
Hale Center ISD,95903,"$7,159,838.00","$15,332.00"
Frost ISD,175905,"$7,143,500.00","$16,347.00"
Bluff Dale ISD,72904,"$7,095,610.00","$47,622.00"
Borden County ISD,17901,"$7,067,313.00","$26,974.00"
Terrell County ISD,222901,"$7,057,957.00","$83,035.00"
Blackwell CISD,177903,"$6,944,075.00","$28,459.00"
Runge ISD,128903,"$6,930,591.00","$68,620.00"
Tarkington ISD,146907,"$6,727,485.00","$3,717.00"
Alvord ISD,249901,"$6,725,369.00","$7,848.00"
Glasscock County ISD,87901,"$6,717,750.00","$28,708.00"
Graford ISD,182902,"$6,712,600.00","$20,465.00"
Meridian ISD,18902,"$6,638,341.00","$24,586.00"
Nordheim ISD,62902,"$6,632,000.00","$70,553.00"
Oakwood ISD,145907,"$6,530,146.00","$32,981.00"
Wortham ISD,81905,"$6,459,100.00","$14,580.00"
Celeste ISD,116902,"$6,445,550.00","$14,012.00"
Bremond ISD,198901,"$6,216,988.00","$13,034.00"
Lometa ISD,141902,"$6,211,280.00","$14,181.00"
Blum ISD,109913,"$6,206,600.00","$23,872.00"
Iredell ISD,18906,"$6,190,600.00","$54,784.00"
Booker ISD,148901,"$6,186,317.00","$23,794.00"
Rivercrest ISD,194903,"$6,051,273.00","$9,367.00"
Daingerfield-Lone Star ISD,172902,"$6,002,228.00","$6,385.00"
Sundown ISD,110907,"$5,971,650.00","$13,359.00"
Aspermont ISD,217901,"$5,935,639.00","$38,294.00"
Latexo ISD,113905,"$5,898,325.00","$12,963.00"
Highland ISD,177905,"$5,848,500.00","$32,492.00"
Seagraves ISD,83901,"$5,811,675.00","$12,498.00"
Bangs ISD,25901,"$5,804,956.00","$8,972.00"
Klondike ISD,58905,"$5,785,900.00","$26,420.00"
Medina ISD,10901,"$5,785,800.00","$25,047.00"
Loraine ISD,168902,"$5,743,550.00","$54,700.00"
Silverton ISD,23902,"$5,693,575.00","$28,047.00"
Agua Dulce ISD,178901,"$5,504,000.00","$14,756.00"
Zavalla ISD,3906,"$5,454,029.00","$19,204.00"
Bruceville-Eddy ISD,161919,"$5,445,300.00","$9,470.00"
Troup ISD,212904,"$5,433,763.00","$5,862.00"
Bellevue ISD,39904,"$5,328,118.00","$26,774.00"
Redwater ISD,19906,"$5,299,150.00","$4,929.00"
Uvalde CISD,232903,"$5,236,736.00","$2,227.00"
Lazbuddie ISD,185904,"$5,219,555.00","$46,603.00"
Dublin ISD,72902,"$5,108,706.00","$4,722.00"
Hunt ISD,133902,"$5,095,500.00","$32,663.00"
Lasara ISD,245901,"$5,027,175.00","$18,083.00"
Breckenridge ISD,215901,"$4,953,250.00","$4,030.00"
Rusk ISD,37907,"$4,940,538.00","$2,673.00"
Stanton ISD,156902,"$4,765,250.00","$5,734.00"
Stratford ISD,211902,"$4,753,792.00","$12,610.00"
Leakey ISD,193902,"$4,648,350.00","$13,712.00"
Detroit ISD,194905,"$4,620,650.00","$11,270.00"
North Hopkins ISD,112906,"$4,588,863.00","$11,031.00"
Wheeler ISD,242903,"$4,529,900.00","$13,017.00"
Jefferson ISD,155901,"$4,483,575.00","$4,976.00"
Ezzell ISD,143906,"$4,451,088.00","$24,457.00"
Hawley ISD,127904,"$4,378,775.00","$5,687.00"
Dodd City ISD,74904,"$4,359,650.00","$16,267.00"
Sam Rayburn ISD,74917,"$4,334,291.00","$12,823.00"
Hartley ISD,103902,"$4,212,950.00","$16,988.00"
Matagorda ISD,158904,"$4,190,431.00","$28,506.00"
D'Hanis ISD,163902,"$4,154,346.00","$17,455.00"
Sterling City ISD,216901,"$4,120,275.00","$11,509.00"
Groesbeck ISD,147902,"$4,117,687.00","$3,119.00"
Whiteface CISD,40902,"$4,113,662.00","$14,333.00"
Tenaha ISD,210904,"$4,065,945.00","$10,872.00"
Marfa ISD,189901,"$4,035,925.00","$25,871.00"
Lockney ISD,77902,"$4,017,400.00","$12,633.00"
Miller Grove ISD,112907,"$3,923,343.00","$12,948.00"
Zephyr ISD,25906,"$3,881,646.00","$23,814.00"
Cross Roads ISD,107904,"$3,846,400.00","$6,956.00"
Dime Box ISD,144903,"$3,816,800.00","$36,008.00"
Gorman ISD,67904,"$3,802,000.00","$18,546.00"
Benavides ISD,66901,"$3,725,015.00","$21,286.00"
Anson ISD,127901,"$3,714,200.00","$6,539.00"
Henrietta ISD,39902,"$3,696,850.00","$4,820.00"
Slocum ISD,1909,"$3,661,178.00","$14,528.00"
Era ISD,49906,"$3,550,950.00","$9,419.00"
Martinsville ISD,174909,"$3,534,831.00","$13,390.00"
Red Lick ISD,19911,"$3,511,119.00","$7,683.00"
Axtell ISD,161918,"$3,430,761.00","$4,251.00"
Olney ISD,252903,"$3,365,200.00","$5,656.00"
Richland Springs ISD,206902,"$3,342,980.00","$27,179.00"
Knippa ISD,232901,"$3,136,600.00","$9,534.00"
Anthony ISD,71906,"$3,036,731.00","$4,970.00"
Goodrich ISD,187903,"$2,934,769.00","$9,848.00"
Hico ISD,97903,"$2,932,346.00","$4,707.00"
Elysian Fields ISD,102906,"$2,811,800.00","$4,306.00"
Midway ISD (Clay),39905,"$2,762,600.00","$17,159.00"
Neches ISD,1906,"$2,750,200.00","$8,900.00"
Randolph Field ISD,15906,"$2,698,764.00","$1,823.00"
Hermleigh ISD,208901,"$2,688,261.00","$10,379.00"
Leggett ISD,187906,"$2,687,138.00","$18,924.00"
Crowell ISD,78901,"$2,677,500.00","$20,756.00"
Wells ISD,37909,"$2,660,500.00","$16,124.00"
Mason ISD,157901,"$2,570,775.00","$4,017.00"
Trent ISD,221905,"$2,565,723.00","$17,336.00"
Boles ISD,116916,"$2,536,208.00","$5,155.00"
Hallsburg ISD,161924,"$2,522,124.00","$21,374.00"
Priddy ISD,167904,"$2,520,100.00","$24,707.00"
Winters ISD,200904,"$2,484,043.00","$6,073.00"
Turkey-Quitaque ISD,96905,"$2,475,269.00","$13,526.00"
Adrian ISD,180903,"$2,417,450.00","$24,668.00"
La Pryor ISD,254902,"$2,414,738.00","$7,407.00"
Roscoe Collegiate ISD,177901,"$2,402,743.00",$169.00
Perrin-Whitt CISD,119903,"$2,292,983.00","$7,469.00"
Cross Plains ISD,30901,"$2,287,520.00","$7,702.00"
San Saba ISD,206901,"$2,279,030.00","$3,003.00"
Martins Mill ISD,234905,"$2,190,400.00","$5,689.00"
Ben Bolt-Palito Blanco ISD,125902,"$2,145,450.00","$7,449.00"
Palo Pinto ISD,182906,"$2,143,400.00","$19,664.00"
Petrolia CISD,39903,"$2,094,405.00","$4,940.00"
Teague ISD,81904,"$2,060,400.00","$1,745.00"
Fruitvale ISD,234909,"$2,042,475.00","$5,920.00"
Kress ISD,219905,"$2,030,700.00","$10,918.00"
Grand Saline ISD,234904,"$2,019,624.00","$2,071.00"
Center Point ISD,133901,"$1,990,888.00","$4,609.00"
Shamrock ISD,242902,"$1,931,136.00","$7,100.00"
West Hardin County CISD,100908,"$1,922,170.00","$4,782.00"
Copperas Cove ISD,50910,"$1,859,150.00",$270.00
Fort Elliott CISD,242906,"$1,849,250.00","$11,558.00"
Nursery ISD,235904,"$1,805,600.00","$16,565.00"
Texline ISD,56902,"$1,713,100.00","$7,752.00"
KENEDY COUNTY WIDE CSD,131001,"$1,671,500.00","$11,939.00"
Paint Rock ISD,48903,"$1,604,744.00","$5,440.00"
Hart ISD,35902,"$1,603,053.00","$8,665.00"
Gustine ISD,47903,"$1,559,161.00","$15,437.00"
Chapel Hill ISD (Titus),225906,"$1,449,844.00","$2,132.00"
Whitharral ISD,110908,"$1,442,400.00","$9,072.00"
Alba-Golden ISD,250906,"$1,412,744.00","$1,959.00"
Campbell ISD,116910,"$1,351,084.00","$7,000.00"
Presidio ISD,189902,"$1,291,975.00","$1,344.00"
Spurger ISD,229905,"$1,272,100.00","$3,374.00"
Seymour ISD,12901,"$1,248,900.00","$2,139.00"
Lefors ISD,90902,"$1,248,440.00","$7,258.00"
Pawnee ISD,13902,"$1,228,078.00","$3,310.00"
Windthorst ISD,5904,"$1,202,660.00","$2,870.00"
Oglesby ISD,50904,"$1,149,110.00","$5,085.00"
Spur ISD,63903,"$1,127,875.00","$8,233.00"
Sidney ISD,47905,"$1,056,138.00","$5,501.00"
Brackett ISD,136901,"$1,031,912.00","$2,132.00"
Hughes Springs ISD,34903,"$1,022,720.00","$1,191.00"
Bynum ISD,109902,"$1,006,270.00","$6,136.00"
CUMBY COLLEGIATE ISD,112905,"$1,003,483.00","$2,669.00"
Damon ISD,20910,"$992,513.00","$11,816.00"
Queen City ISD,34907,"$981,605.00","$1,404.00"
Poolville ISD,184901,"$978,540.00","$1,315.00"
Walcott ISD,59902,"$977,605.00","$8,285.00"
Darrouzett ISD,148905,"$965,000.00","$12,697.00"
Round Top-Carmine ISD,75908,"$962,263.00","$4,811.00"
Ector ISD,74905,"$958,888.00","$3,805.00"
Northside ISD (Wilbarger),244905,"$940,749.00","$4,680.00"
De Leon ISD,47902,"$871,593.00","$2,065.00"
Louise ISD,241906,"$860,475.00","$1,965.00"
Simms ISD,19909,"$858,525.00","$1,687.00"
Harts Bluff ISD,225907,"$855,682.00","$1,015.00"
Claude ISD,6902,"$819,600.00","$3,488.00"
May ISD,25905,"$740,723.00","$3,011.00"
Colmesneil ISD,229901,"$728,882.00","$2,836.00"
Santa Anna ISD,42903,"$720,975.00","$3,835.00"
Fannindel ISD,60914,"$717,200.00","$6,641.00"
Malone ISD,109908,"$695,260.00","$13,905.00"
Lohn ISD,160905,"$684,968.00","$10,703.00"
Karnack ISD,102901,"$679,478.00","$6,410.00"
Lueders-Avoca ISD,127905,"$675,852.00","$5,981.00"
Whitesboro ISD,91909,"$666,030.00",$379.00
Follett ISD,148902,"$657,800.00","$5,021.00"
Albany ISD,209901,"$651,879.00","$1,563.00"
Meadow ISD,223902,"$636,000.00","$3,741.00"
Pringle-Morse CISD,98903,"$634,650.00","$5,519.00"
Avalon ISD,70901,"$601,200.00","$1,652.00"
Ricardo ISD,137902,"$548,205.00",$867.00
Guthrie CSD,135001,"$544,253.00","$9,225.00"
Malta ISD,19910,"$533,500.00","$3,705.00"
Chireno ISD,174901,"$520,917.00","$2,412.00"
Blanket ISD,25904,"$515,687.00","$4,125.00"
Olfen ISD,200906,"$506,600.00","$3,989.00"
Panther Creek CISD,42905,"$498,300.00","$3,215.00"
McLean ISD,90903,"$477,100.00","$3,078.00"
Jonesboro ISD,50909,"$453,588.00","$1,874.00"
Trinidad ISD,107907,"$396,775.00","$1,908.00"
Hull-Daisetta ISD,146905,"$378,047.00","$1,093.00"
Clarendon ISD,65901,"$350,993.00","$1,020.00"
Leveretts Chapel ISD,201904,"$344,920.00","$2,197.00"
DeKalb ISD,19901,"$332,240.00",$313.00
Blooming Grove ISD,175902,"$328,800.00",$363.00
Thorndale ISD,166905,"$326,540.00",$642.00
Mullin ISD,167902,"$320,000.00","$1,280.00"
Garner ISD,184911,"$314,225.00",$623.00
Harleton ISD,102905,"$303,420.00",$420.00
Linden-Kildare CISD,34905,"$257,286.00",$459.00
Westphalia ISD,73904,"$186,910.00","$1,230.00"
Avery ISD,194902,"$183,516.00",$749.00
Sulphur Bluff ISD,112910,"$167,260.00",$800.00
Shelbyville ISD,210903,"$158,100.00",$194.00
Wellington ISD,44902,"$157,713.00",$317.00
Laneville ISD,201903,"$126,760.00","$1,219.00"
Nazareth ISD,35903,"$115,250.00",$539.00
Buckholts ISD,166907,"$91,818.00","$1,032.00"
Brookesmith ISD,25908,"$91,710.00",$483.00
Bloomburg ISD,34909,"$91,136.00",$501.00
Memphis ISD,96904,$0.00,$0.00
Patton Springs ISD,63906,$0.00,$0.00
Santa Gertrudis ISD,137904,$0.00,$0.00
Riviera ISD,137903,$0.00,$0.00
Apple Springs ISD,228905,$0.00,$0.00
Kennard ISD,113906,$0.00,$0.00
Avinger ISD,34902,$0.00,$0.00
Springlake-Earth ISD,140907,$0.00,$0.00
Dawson ISD (Dawson),58902,$0.00,$0.00
HAMLIN COLLEGIATE ISD,127903,$0.00,$0.00
Gold Burg ISD,169906,$0.00,$0.00
Ballinger ISD,200901,$0.00,$0.00
Bronte ISD,41901,$0.00,$0.00
Prairie Valley ISD,169909,$0.00,$0.00
Montague ISD,169908,$0.00,$0.00
Cranfills Gap ISD,18908,$0.00,$0.00
Evant ISD,50901,$0.00,$0.00
Hamilton ISD,97902,$0.00,$0.00
Spring Creek ISD,117907,$0.00,$0.00
Ranger ISD,67907,$0.00,$0.00
Cisco ISD,67902,$0.00,$0.00
Rising Star ISD,67908,$0.00,$0.00
Sweet Home ISD,143905,$0.00,$0.00
Rule ISD,104903,$0.00,$0.00
Knox City-O'Brien CISD,138902,$0.00,$0.00
Menard ISD,164901,$0.00,$0.00
Loop ISD,83902,$0.00,$0.00
Crockett ISD,113901,$0.00,$0.00
Grady ISD,156905,$0.00,$0.00
Channing ISD,103901,$0.00,$0.00
Three Way ISD,72901,$0.00,$0.00
Morgan Mill ISD,72910,$0.00,$0.00
Yantis ISD,250905,$0.00,$0.00
Rochelle ISD,160904,$0.00,$0.00
Hedley ISD,65902,$0.00,$0.00
Jayton-Girard ISD,132902,$0.00,$0.00
Sonora ISD,218901,$0.00,$0.00
Fort Hancock ISD,115901,$0.00,$0.00
Dell City ISD,115903,$0.00,$0.00
Westbrook ISD,168903,$0.00,$0.00
Valentine ISD,122902,$0.00,$0.00
Fort Davis ISD,122901,$0.00,$0.00
Motley County ISD,173901,$0.00,$0.00
Terlingua CSD,22004,$0.00,$0.00
San Vicente ISD,22903,$0.00,$0.00
Marathon ISD,22902,$0.00,$0.00
Saltillo ISD,112909,$0.00,$0.00
Amherst ISD,140901,$0.00,$0.00
Roxton ISD,139908,$0.00,$0.00
Gause ISD,166902,$0.00,$0.00
Leary ISD,19914,$0.00,$0.00
Hubbard ISD (Bowie),19913,$0.00,$0.00
Boys Ranch ISD,180901,$0.00,$0.00
Comstock ISD,233903,$0.00,$0.00
Strawn ISD,182905,$0.00,$0.00
Excelsior ISD,210906,$0.00,$0.00
Ralls ISD,54903,$0.00,$0.00
Morton ISD,40901,$0.00,$0.00
Dew ISD,81906,$0.00,$0.00
Schleicher ISD,207901,$0.00,$0.00
Grandview-Hopkins ISD,90905,$0.00,$0.00
Quanah ISD,99903,$0.00,$0.00
Childress ISD,38901,$0.00,$0.00
Nueces Canyon CISD,69902,$0.00,$0.00
Woodson ISD,224902,$0.00,$0.00
Wills Point ISD,234907,$0.00,$0.00
Higgins ISD,148903,$0.00,$0.00
Texhoma ISD,211901,$0.00,$0.00
Murchison ISD,107908,$0.00,$0.00
La Gloria ISD,125906,$0.00,$0.00
LaPoynor ISD,107910,$0.00,$0.00
Cayuga ISD,1902,$0.00,$0.00
Meyersville ISD,62906,$0.00,$0.00
Yorktown ISD,62904,$0.00,$0.00
Westhoff ISD,62905,$0.00,$0.00
Happy ISD,219901,$0.00,$0.00
Savoy ISD,74911,$0.00,$0.00
Walnut Bend ISD,49908,$0.00,$0.00
McLeod ISD,34906,$0.00,$0.00
Cherokee ISD,206903,$0.00,$0.00
Walnut Springs ISD,18905,$0.00,$0.00
Sivells Bend ISD,49909,$0.00,$0.00
Irion County ISD,118902,$0.00,$0.00
Union Hill ISD,230904,$0.00,$0.00
Mumford ISD,198906,$0.00,$0.00
Paducah ISD,51901,$0.00,$0.00
Vysehrad ISD,143904,$0.00,$0.00
Hemphill ISD,202903,$0.00,$0.00
Brookeland ISD,121902,$0.00,$0.00
Etoile ISD,174910,$0.00,$0.00
Fort Sam Houston ISD,15914,$0.00,$0.00
Lackland ISD,15913,$0.00,$0.00
Prairie Lea ISD,28906,$0.00,$0.00
Ramirez CSD,66005,$0.00,$0.00
Coleman ISD,42901,$0.00,$0.00
Moran ISD,209902,$0.00,$0.00
Boling ISD,241901,$0.00,$0.00
Centerville ISD (Trinity),228904,$0.00,$0.00
Groveton ISD,228901,$0.00,$0.00
WEST RUSK COUNTY CONSOLIDATED ISD,201914,$0.00,$0.00
Devers ISD,146903,$0.00,$0.00
Milford ISD,70909,$0.00,$0.00
Morgan ISD,18903,$0.00,$0.00
Kopperl ISD,18907,$0.00,$0.00
DOSS CONSOLIDATED CSD,86024,$0.00,$0.00
Junction ISD,134901,$0.00,$0.00
Utopia ISD,232904,$0.00,$0.00
Divide ISD,133905,$0.00,$0.00
Harper ISD,86902,$0.00,$0.00
Olton ISD,140905,$0.00,$0.00
Cotton Center ISD,95902,$0.00,$0.00
Anton ISD,110901,$0.00,$0.00
Smyer ISD,110906,$0.00,$0.00
Southland ISD,85903,$0.00,$0.00
Lorenzo ISD,54902,$0.00,$0.00
San Isidro ISD,214902,$0.00,$0.00
Rio Grande City CISD,214901,$0.00,$0.00
Penelope ISD,109914,$0.00,$0.00
Gholson ISD,161925,$0.00,$0.00
Forestburg ISD,169910,$0.00,$0.00
Eagle Mountain-Saginaw ISD,220918,$0.00,$0.00
